1,Bulbasaur,Grass,45,49,49,45
2,Ivysaur,Grass,60,62,63,60
3,Venusaur,Grass,80,82,83,80
4,Charmander,Fire,39,52,43,65
5,Charmeleon,Fire,58,64,58,80
6,Charizard,Fire,78,84,78,100
7,Squirtle,Water,44,48,65,43
8,Wartortle,Water,59,63,80,58
9,Blastoise,Water,79,83,100,78
10,Caterpie,Bug,45,30,35,45
11,Metapod,Bug,50,20,55,30
12,Butterfree,Bug,60,45,50,70
13,Weedle,Bug,40,35,30,50
14,Kakuna,Bug,45,25,50,35
15,Beedrill,Bug,65,90,40,75
16,Pidgey,Normal,40,45,40,56
17,Pidgeotto,Normal,63,60,55,71
18,Pidgeot,Normal,83,80,75,101
19,Rattata,Normal,30,56,35,72
20,Raticate,Normal,55,81,60,97
21,Spearow,Normal,40,60,30,70
22,Fearow,Normal,65,90,65,100
23,Ekans,Poison,35,60,44,55
24,Arbok,Poison,60,95,69,80
25,Pikachu,Electric,35,55,40,90
26,Raichu,Electric,60,90,55,110
27,Sandshrew,Ground,50,75,85,40
28,Sandslash,Ground,75,100,110,65
29,Nidoran?,Poison,55,47,52,41
30,Nidorina,Poison,70,62,67,56
31,Nidoqueen,Poison,90,92,87,76
32,Nidoran?,Poison,46,57,40,50
33,Nidorino,Poison,61,72,57,65
34,Nidoking,Poison,81,102,77,85
35,Clefairy,Fairy,70,45,48,35
36,Clefable,Fairy,95,70,73,60
37,Vulpix,Fire,38,41,40,65
38,Ninetales,Fire,73,76,75,100
39,Jigglypuff,Normal,115,45,20,20
40,Wigglytuff,Normal,140,70,45,45
41,Zubat,Poison,40,45,35,55
42,Golbat,Poison,75,80,70,90
43,Oddish,Grass,45,50,55,30
44,Gloom,Grass,60,65,70,40
45,Vileplume,Grass,75,80,85,50
46,Paras,Bug,35,70,55,25
47,Parasect,Bug,60,95,80,30
48,Venonat,Bug,60,55,50,45
49,Venomoth,Bug,70,65,60,90
50,Diglett,Ground,10,55,25,95
51,Dugtrio,Ground,35,100,50,120
52,Meowth,Normal,40,45,35,90
53,Persian,Normal,65,70,60,115
54,Psyduck,Water,50,52,48,55
55,Golduck,Water,80,82,78,85
56,Mankey,Fighting,40,80,35,70
57,Primeape,Fighting,65,105,60,95
58,Growlithe,Fire,55,70,45,60
59,Arcanine,Fire,90,110,80,95
60,Poliwag,Water,40,50,40,90
61,Poliwhirl,Water,65,65,65,90
62,Poliwrath,Water,90,95,95,70
63,Abra,Psychic,25,20,15,90
64,Kadabra,Psychic,40,35,30,105
65,Alakazam,Psychic,55,50,45,120
66,Machop,Fighting,70,80,50,35
67,Machoke,Fighting,80,100,70,45
68,Machamp,Fighting,90,130,80,55
69,Bellsprout,Grass,50,75,35,40
70,Weepinbell,Grass,65,90,50,55
71,Victreebel,Grass,80,105,65,70
72,Tentacool,Water,40,40,35,70
73,Tentacruel,Water,80,70,65,100
74,Geodude,Rock,40,80,100,20
75,Graveler,Rock,55,95,115,35
76,Golem,Rock,80,120,130,45
77,Ponyta,Fire,50,85,55,90
78,Rapidash,Fire,65,100,70,105
79,Slowpoke,Water,90,65,65,15
80,Slowbro,Water,95,75,110,30
81,Magnemite,Electric,25,35,70,45
82,Magneton,Electric,50,60,95,70
83,Farfetch'd,Normal,52,90,55,60
84,Doduo,Normal,35,85,45,75
85,Dodrio,Normal,60,110,70,110
86,Seel,Water,65,45,55,45
87,Dewgong,Water,90,70,80,70
88,Grimer,Poison,80,80,50,25
89,Muk,Poison,105,105,75,50
90,Shellder,Water,30,65,100,40
91,Cloyster,Water,50,95,180,70
92,Gastly,Ghost,30,35,30,80
93,Haunter,Ghost,45,50,45,95
94,Gengar,Ghost,60,65,60,110
95,Onix,Rock,35,45,160,70
96,Drowzee,Psychic,60,48,45,42
97,Hypno,Psychic,85,73,70,67
98,Krabby,Water,30,105,90,50
99,Kingler,Water,55,130,115,75
100,Voltorb,Electric,40,30,50,100
101,Electrode,Electric,60,50,70,150
102,Exeggcute,Grass,60,40,80,40
103,Exeggutor,Grass,95,95,85,55
104,Cubone,Ground,50,50,95,35
105,Marowak,Ground,60,80,110,45
106,Hitmonlee,Fighting,50,120,53,87
107,Hitmonchan,Fighting,50,105,79,76
108,Lickitung,Normal,90,55,75,30
109,Koffing,Poison,40,65,95,35
110,Weezing,Poison,65,90,120,60
111,Rhyhorn,Ground,80,85,95,25
112,Rhydon,Ground,105,130,120,40
113,Chansey,Normal,250,5,5,50
114,Tangela,Grass,65,55,115,60
115,Kangaskhan,Normal,105,95,80,90
116,Horsea,Water,30,40,70,60
117,Seadra,Water,55,65,95,85
118,Goldeen,Water,45,67,60,63
119,Seaking,Water,80,92,65,68
120,Staryu,Water,30,45,55,85
121,Starmie,Water,60,75,85,115
122,Mr. Mime,Psychic,40,45,65,90
123,Scyther,Bug,70,110,80,105
124,Jynx,Ice,65,50,35,95
125,Electabuzz,Electric,65,83,57,105
126,Magmar,Fire,65,95,57,93
127,Pinsir,Bug,65,125,100,85
128,Tauros,Normal,75,100,95,110
129,Magikarp,Water,20,10,55,80
130,Gyarados,Water,95,125,79,81
131,Lapras,Water,130,85,80,60
132,Ditto,Normal,48,48,48,48
133,Eevee,Normal,55,55,50,55
134,Vaporeon,Water,130,65,60,65
135,Jolteon,Electric,65,65,60,130
136,Flareon,Fire,65,130,60,65
137,Porygon,Normal,65,60,70,40
138,Omanyte,Rock,35,40,100,35
139,Omastar,Rock,70,60,125,55
140,Kabuto,Rock,30,80,90,55
141,Kabutops,Rock,60,115,105,80
142,Aerodactyl,Rock,80,105,65,130
143,Snorlax,Normal,160,110,65,30
144,Articuno,Ice,90,85,100,85
145,Zapdos,Electric,90,90,85,100
146,Moltres,Fire,90,100,90,90
147,Dratini,Dragon,41,64,45,50
148,Dragonair,Dragon,61,84,65,70
149,Dragonite,Dragon,91,134,95,80
150,Mewtwo,Psychic,106,110,90,130
151,Mew,Psychic,100,100,100,100
152,Chikorita,Grass,45,49,65,45
153,Bayleef,Grass,60,62,80,60
154,Meganium,Grass,80,82,100,80
155,Cyndaquil,Fire,39,52,43,65
156,Quilava,Fire,58,64,58,80
157,Typhlosion,Fire,78,84,78,100
158,Totodile,Water,50,65,64,43
159,Croconaw,Water,65,80,80,58
160,Feraligatr,Water,85,105,100,78
161,Sentret,Normal,35,46,34,20
162,Furret,Normal,85,76,64,90
163,Hoothoot,Normal,60,30,30,50
164,Noctowl,Normal,100,50,50,70
165,Ledyba,Bug,40,20,30,55
166,Ledian,Bug,55,35,50,85
167,Spinarak,Bug,40,60,40,30
168,Ariados,Bug,70,90,70,40
169,Crobat,Poison,85,90,80,130
170,Chinchou,Water,75,38,38,67
171,Lanturn,Water,125,58,58,67
172,Pichu,Electric,20,40,15,60
173,Cleffa,Fairy,50,25,28,15
174,Igglybuff,Normal,90,30,15,15
175,Togepi,Fairy,35,20,65,20
176,Togetic,Fairy,55,40,85,40
177,Natu,Psychic,40,50,45,70
178,Xatu,Psychic,65,75,70,95
179,Mareep,Electric,55,40,40,35
180,Flaaffy,Electric,70,55,55,45
181,Ampharos,Electric,90,75,85,55
182,Bellossom,Grass,75,80,95,50
183,Marill,Water,70,20,50,40
184,Azumarill,Water,100,50,80,50
185,Sudowoodo,Rock,70,100,115,30
186,Politoed,Water,90,75,75,70
187,Hoppip,Grass,35,35,40,50
188,Skiploom,Grass,55,45,50,80
189,Jumpluff,Grass,75,55,70,110
190,Aipom,Normal,55,70,55,85
191,Sunkern,Grass,30,30,30,30
192,Sunflora,Grass,75,75,55,30
193,Yanma,Bug,65,65,45,95
194,Wooper,Water,55,45,45,15
195,Quagsire,Water,95,85,85,35
196,Espeon,Psychic,65,65,60,110
197,Umbreon,Dark,95,65,110,65
198,Murkrow,Dark,60,85,42,91
199,Slowking,Water,95,75,80,30
200,Misdreavus,Ghost,60,60,60,85
201,Unown,Psychic,48,72,48,48
202,Wobbuffet,Psychic,190,33,58,33
203,Girafarig,Normal,70,80,65,85
204,Pineco,Bug,50,65,90,15
205,Forretress,Bug,75,90,140,40
206,Dunsparce,Normal,100,70,70,45
207,Gligar,Ground,65,75,105,85
208,Steelix,Steel,75,85,200,30
209,Snubbull,Fairy,60,80,50,30
210,Granbull,Fairy,90,120,75,45
211,Qwilfish,Water,65,95,85,85
212,Scizor,Bug,70,130,100,65
213,Shuckle,Bug,20,10,230,5
214,Heracross,Bug,80,125,75,85
215,Sneasel,Dark,55,95,55,115
216,Teddiursa,Normal,60,80,50,40
217,Ursaring,Normal,90,130,75,55
218,Slugma,Fire,40,40,40,20
219,Magcargo,Fire,60,50,120,30
220,Swinub,Ice,50,50,40,50
221,Piloswine,Ice,100,100,80,50
222,Corsola,Water,65,55,95,35
223,Remoraid,Water,35,65,35,65
224,Octillery,Water,75,105,75,45
225,Delibird,Ice,45,55,45,75
226,Mantine,Water,85,40,70,70
227,Skarmory,Steel,65,80,140,70
228,Houndour,Dark,45,60,30,65
229,Houndoom,Dark,75,90,50,95
230,Kingdra,Water,75,95,95,85
231,Phanpy,Ground,90,60,60,40
232,Donphan,Ground,90,120,120,50
233,Porygon2,Normal,85,80,90,60
234,Stantler,Normal,73,95,62,85
235,Smeargle,Normal,55,20,35,75
236,Tyrogue,Fighting,35,35,35,35
237,Hitmontop,Fighting,50,95,95,70
238,Smoochum,Ice,45,30,15,65
239,Elekid,Electric,45,63,37,95
240,Magby,Fire,45,75,37,83
241,Miltank,Normal,95,80,105,100
242,Blissey,Normal,255,10,10,55
243,Raikou,Electric,90,85,75,115
244,Entei,Fire,115,115,85,100
245,Suicune,Water,100,75,115,85
246,Larvitar,Rock,50,64,50,41
247,Pupitar,Rock,70,84,70,51
248,Tyranitar,Rock,100,134,110,61
249,Lugia,Psychic,106,90,130,110
250,Ho-oh,Fire,106,130,90,90
251,Celebi,Psychic,100,100,100,100
252,Treecko,Grass,40,45,35,70
253,Grovyle,Grass,50,65,45,95
254,Sceptile,Grass,70,85,65,120
255,Torchic,Fire,45,60,40,45
256,Combusken,Fire,60,85,60,55
257,Blaziken,Fire,80,120,70,80
258,Mudkip,Water,50,70,50,40
259,Marshtomp,Water,70,85,70,50
260,Swampert,Water,100,110,90,60
261,Poochyena,Dark,35,55,35,35
262,Mightyena,Dark,70,90,70,70
263,Zigzagoon,Normal,38,30,41,60
264,Linoone,Normal,78,70,61,100
265,Wurmple,Bug,45,45,35,20
266,Silcoon,Bug,50,35,55,15
267,Beautifly,Bug,60,70,50,65
268,Cascoon,Bug,50,35,55,15
269,Dustox,Bug,60,50,70,65
270,Lotad,Water,40,30,30,30
271,Lombre,Water,60,50,50,50
272,Ludicolo,Water,80,70,70,70
273,Seedot,Grass,40,40,50,30
274,Nuzleaf,Grass,70,70,40,60
275,Shiftry,Grass,90,100,60,80
276,Taillow,Normal,40,55,30,85
277,Swellow,Normal,60,85,60,125
278,Wingull,Water,40,30,30,85
279,Pelipper,Water,60,50,100,65
280,Ralts,Psychic,28,25,25,40
281,Kirlia,Psychic,38,35,35,50
282,Gardevoir,Psychic,68,65,65,80
283,Surskit,Bug,40,30,32,65
284,Masquerain,Bug,70,60,62,80
285,Shroomish,Grass,60,40,60,35
286,Breloom,Grass,60,130,80,70
287,Slakoth,Normal,60,60,60,30
288,Vigoroth,Normal,80,80,80,90
289,Slaking,Normal,150,160,100,100
290,Nincada,Bug,31,45,90,40
291,Ninjask,Bug,61,90,45,160
292,Shedinja,Bug,1,90,45,40
293,Whismur,Normal,64,51,23,28
294,Loudred,Normal,84,71,43,48
295,Exploud,Normal,104,91,63,68
296,Makuhita,Fighting,72,60,30,25
297,Hariyama,Fighting,144,120,60,50
298,Azurill,Normal,50,20,40,20
299,Nosepass,Rock,30,45,135,30
300,Skitty,Normal,50,45,45,50
301,Delcatty,Normal,70,65,65,90
302,Sableye,Dark,50,75,75,50
303,Mawile,Steel,50,85,85,50
304,Aron,Steel,50,70,100,30
305,Lairon,Steel,60,90,140,40
306,Aggron,Steel,70,110,180,50
307,Meditite,Fighting,30,40,55,60
308,Medicham,Fighting,60,60,75,80
309,Electrike,Electric,40,45,40,65
310,Manectric,Electric,70,75,60,105
311,Plusle,Electric,60,50,40,95
312,Minun,Electric,60,40,50,95
313,Volbeat,Bug,65,73,75,85
314,Illumise,Bug,65,47,75,85
315,Roselia,Grass,50,60,45,65
316,Gulpin,Poison,70,43,53,40
317,Swalot,Poison,100,73,83,55
318,Carvanha,Water,45,90,20,65
319,Sharpedo,Water,70,120,40,95
320,Wailmer,Water,130,70,35,60
321,Wailord,Water,170,90,45,60
322,Numel,Fire,60,60,40,35
323,Camerupt,Fire,70,100,70,40
324,Torkoal,Fire,70,85,140,20
325,Spoink,Psychic,60,25,35,60
326,Grumpig,Psychic,80,45,65,80
327,Spinda,Normal,60,60,60,60
328,Trapinch,Ground,45,100,45,10
329,Vibrava,Ground,50,70,50,70
330,Flygon,Ground,80,100,80,100
331,Cacnea,Grass,50,85,40,35
332,Cacturne,Grass,70,115,60,55
333,Swablu,Normal,45,40,60,50
334,Altaria,Dragon,75,70,90,80
335,Zangoose,Normal,73,115,60,90
336,Seviper,Poison,73,100,60,65
337,Lunatone,Rock,90,55,65,70
338,Solrock,Rock,90,95,85,70
339,Barboach,Water,50,48,43,60
340,Whiscash,Water,110,78,73,60
341,Corphish,Water,43,80,65,35
342,Crawdaunt,Water,63,120,85,55
343,Baltoy,Ground,40,40,55,55
344,Claydol,Ground,60,70,105,75
345,Lileep,Rock,66,41,77,23
346,Cradily,Rock,86,81,97,43
347,Anorith,Rock,45,95,50,75
348,Armaldo,Rock,75,125,100,45
349,Feebas,Water,20,15,20,80
350,Milotic,Water,95,60,79,81
351,Castform,Normal,70,70,70,70
352,Kecleon,Normal,60,90,70,40
353,Shuppet,Ghost,44,75,35,45
354,Banette,Ghost,64,115,65,65
355,Duskull,Ghost,20,40,90,25
356,Dusclops,Ghost,40,70,130,25
357,Tropius,Grass,99,68,83,51
358,Chimecho,Psychic,75,50,80,65
359,Absol,Dark,65,130,60,75
360,Wynaut,Psychic,95,23,48,23
361,Snorunt,Ice,50,50,50,50
362,Glalie,Ice,80,80,80,80
363,Spheal,Ice,70,40,50,25
364,Sealeo,Ice,90,60,70,45
365,Walrein,Ice,110,80,90,65
366,Clamperl,Water,35,64,85,32
367,Huntail,Water,55,104,105,52
368,Gorebyss,Water,55,84,105,52
369,Relicanth,Water,100,90,130,55
370,Luvdisc,Water,43,30,55,97
371,Bagon,Dragon,45,75,60,50
372,Shelgon,Dragon,65,95,100,50
373,Salamence,Dragon,95,135,80,100
374,Beldum,Steel,40,55,80,30
375,Metang,Steel,60,75,100,50
376,Metagross,Steel,80,135,130,70
377,Regirock,Rock,80,100,200,50
378,Regice,Ice,80,50,100,50
379,Registeel,Steel,80,75,150,50
380,Latias,Dragon,80,80,90,110
381,Latios,Dragon,80,90,80,110
382,Kyogre,Water,100,100,90,90
383,Groudon,Ground,100,150,140,90
384,Rayquaza,Dragon,105,150,90,95
385,Jirachi,Steel,100,100,100,100
386,Deoxys,Psychic,50,150,50,150
387,Turtwig,Grass,55,68,64,31
388,Grotle,Grass,75,89,85,36
389,Torterra,Grass,95,109,105,56
390,Chimchar,Fire,44,58,44,61
391,Monferno,Fire,64,78,52,81
392,Infernape,Fire,76,104,71,108
393,Piplup,Water,53,51,53,40
394,Prinplup,Water,64,66,68,50
395,Empoleon,Water,84,86,88,60
396,Starly,Normal,40,55,30,60
397,Staravia,Normal,55,75,50,80
398,Staraptor,Normal,85,120,70,100
399,Bidoof,Normal,59,45,40,31
400,Bibarel,Normal,79,85,60,71
401,Kricketot,Bug,37,25,41,25
402,Kricketune,Bug,77,85,51,65
403,Shinx,Electric,45,65,34,45
404,Luxio,Electric,60,85,49,60
405,Luxray,Electric,80,120,79,70
406,Budew,Grass,40,30,35,55
407,Roserade,Grass,60,70,65,90
408,Cranidos,Rock,67,125,40,58
409,Rampardos,Rock,97,165,60,58
410,Shieldon,Rock,30,42,118,30
411,Bastiodon,Rock,60,52,168,30
412,Burmy,Bug,40,29,45,36
413,Wormadam,Bug,60,59,85,36
414,Mothim,Bug,70,94,50,66
415,Combee,Bug,30,30,42,70
416,Vespiquen,Bug,70,80,102,40
417,Pachirisu,Electric,60,45,70,95
418,Buizel,Water,55,65,35,85
419,Floatzel,Water,85,105,55,115
420,Cherubi,Grass,45,35,45,35
421,Cherrim,Grass,70,60,70,85
422,Shellos,Water,76,48,48,34
423,Gastrodon,Water,111,83,68,39
424,Ambipom,Normal,75,100,66,115
425,Drifloon,Ghost,90,50,34,70
426,Drifblim,Ghost,150,80,44,80
427,Buneary,Normal,55,66,44,85
428,Lopunny,Normal,65,76,84,105
429,Mismagius,Ghost,60,60,60,105
430,Honchkrow,Dark,100,125,52,71
431,Glameow,Normal,49,55,42,85
432,Purugly,Normal,71,82,64,112
433,Chingling,Psychic,45,30,50,45
434,Stunky,Poison,63,63,47,74
435,Skuntank,Poison,103,93,67,84
436,Bronzor,Steel,57,24,86,23
437,Bronzong,Steel,67,89,116,33
438,Bonsly,Rock,50,80,95,10
439,Mime Jr.,Psychic,20,25,45,60
440,Happiny,Normal,100,5,5,30
441,Chatot,Normal,76,65,45,91
442,Spiritomb,Ghost,50,92,108,35
443,Gible,Dragon,58,70,45,42
444,Gabite,Dragon,68,90,65,82
445,Garchomp,Dragon,108,130,95,102
446,Munchlax,Normal,135,85,40,5
447,Riolu,Fighting,40,70,40,60
448,Lucario,Fighting,70,110,70,90
449,Hippopotas,Ground,68,72,78,32
450,Hippowdon,Ground,108,112,118,47
451,Skorupi,Poison,40,50,90,65
452,Drapion,Poison,70,90,110,95
453,Croagunk,Poison,48,61,40,50
454,Toxicroak,Poison,83,106,65,85
455,Carnivine,Grass,74,100,72,46
456,Finneon,Water,49,49,56,66
457,Lumineon,Water,69,69,76,91
458,Mantyke,Water,45,20,50,50
459,Snover,Grass,60,62,50,40
460,Abomasnow,Grass,90,92,75,60
461,Weavile,Dark,70,120,65,125
462,Magnezone,Electric,70,70,115,60
463,Lickilicky,Normal,110,85,95,50
464,Rhyperior,Ground,115,140,130,40
465,Tangrowth,Grass,100,100,125,50
466,Electivire,Electric,75,123,67,95
467,Magmortar,Fire,75,95,67,83
468,Togekiss,Fairy,85,50,95,80
469,Yanmega,Bug,86,76,86,95
470,Leafeon,Grass,65,110,130,95
471,Glaceon,Ice,65,60,110,65
472,Gliscor,Ground,75,95,125,95
473,Mamoswine,Ice,110,130,80,80
474,Porygon-Z,Normal,85,80,70,90
475,Gallade,Psychic,68,125,65,80
476,Probopass,Rock,60,55,145,40
477,Dusknoir,Ghost,45,100,135,45
478,Froslass,Ice,70,80,70,110
479,Rotom,Electric,50,50,77,91
480,Uxie,Psychic,75,75,130,95
481,Mesprit,Psychic,80,105,105,80
482,Azelf,Psychic,75,125,70,115
483,Dialga,Steel,100,120,120,90
484,Palkia,Water,90,120,100,100
485,Heatran,Fire,91,90,106,77
486,Regigigas,Normal,110,160,110,100
487,Giratina,Ghost,150,100,120,90
488,Cresselia,Psychic,120,70,110,85
489,Phione,Water,80,80,80,80
490,Manaphy,Water,100,100,100,100
491,Darkrai,Dark,70,90,90,125
492,Shaymin,Grass,100,100,100,100
493,Arceus,Normal,120,120,120,120
494,Victini,Psychic,100,100,100,100
495,Snivy,Grass,45,45,55,63
496,Servine,Grass,60,60,75,83
497,Serperior,Grass,75,75,95,113
498,Tepig,Fire,65,63,45,45
499,Pignite,Fire,90,93,55,55
500,Emboar,Fire,110,123,65,65
501,Oshawott,Water,55,55,45,45
502,Dewott,Water,75,75,60,60
503,Samurott,Water,95,100,85,70
504,Patrat,Normal,45,55,39,42
505,Watchog,Normal,60,85,69,77
506,Lillipup,Normal,45,60,45,55
507,Herdier,Normal,65,80,65,60
508,Stoutland,Normal,85,110,90,80
509,Purrloin,Dark,41,50,37,66
510,Liepard,Dark,64,88,50,106
511,Pansage,Grass,50,53,48,64
512,Simisage,Grass,75,98,63,101
513,Pansear,Fire,50,53,48,64
514,Simisear,Fire,75,98,63,101
515,Panpour,Water,50,53,48,64
516,Simipour,Water,75,98,63,101
517,Munna,Psychic,76,25,45,24
518,Musharna,Psychic,116,55,85,29
519,Pidove,Normal,50,55,50,43
520,Tranquill,Normal,62,77,62,65
521,Unfezant,Normal,80,115,80,93
522,Blitzle,Electric,45,60,32,76
523,Zebstrika,Electric,75,100,63,116
524,Roggenrola,Rock,55,75,85,15
525,Boldore,Rock,70,105,105,20
526,Gigalith,Rock,85,135,130,25
527,Woobat,Psychic,65,45,43,72
528,Swoobat,Psychic,67,57,55,114
529,Drilbur,Ground,60,85,40,68
530,Excadrill,Ground,110,135,60,88
531,Audino,Normal,103,60,86,50
532,Timburr,Fighting,75,80,55,35
533,Gurdurr,Fighting,85,105,85,40
534,Conkeldurr,Fighting,105,140,95,45
535,Tympole,Water,50,50,40,64
536,Palpitoad,Water,75,65,55,69
537,Seismitoad,Water,105,95,75,74
538,Throh,Fighting,120,100,85,45
539,Sawk,Fighting,75,125,75,85
540,Sewaddle,Bug,45,53,70,42
541,Swadloon,Bug,55,63,90,42
542,Leavanny,Bug,75,103,80,92
543,Venipede,Bug,30,45,59,57
544,Whirlipede,Bug,40,55,99,47
545,Scolipede,Bug,60,100,89,112
546,Cottonee,Grass,40,27,60,66
547,Whimsicott,Grass,60,67,85,116
548,Petilil,Grass,45,35,50,30
549,Lilligant,Grass,70,60,75,90
550,Basculin,Water,70,92,65,98
551,Sandile,Ground,50,72,35,65
552,Krokorok,Ground,60,82,45,74
553,Krookodile,Ground,95,117,80,92
554,Darumaka,Fire,70,90,45,50
555,Darmanitan,Fire,105,140,55,95
556,Maractus,Grass,75,86,67,60
557,Dwebble,Bug,50,65,85,55
558,Crustle,Bug,70,105,125,45
559,Scraggy,Dark,50,75,70,48
560,Scrafty,Dark,65,90,115,58
561,Sigilyph,Psychic,72,58,80,97
562,Yamask,Ghost,38,30,85,30
563,Cofagrigus,Ghost,58,50,145,30
564,Tirtouga,Water,54,78,103,22
565,Carracosta,Water,74,108,133,32
566,Archen,Rock,55,112,45,70
567,Archeops,Rock,75,140,65,110
568,Trubbish,Poison,50,50,62,65
569,Garbodor,Poison,80,95,82,75
570,Zorua,Dark,40,65,40,65
571,Zoroark,Dark,60,105,60,105
572,Minccino,Normal,55,50,40,75
573,Cinccino,Normal,75,95,60,115
574,Gothita,Psychic,45,30,50,45
575,Gothorita,Psychic,60,45,70,55
576,Gothitelle,Psychic,70,55,95,65
577,Solosis,Psychic,45,30,40,20
578,Duosion,Psychic,65,40,50,30
579,Reuniclus,Psychic,110,65,75,30
580,Ducklett,Water,62,44,50,55
581,Swanna,Water,75,87,63,98
582,Vanillite,Ice,36,50,50,44
583,Vanillish,Ice,51,65,65,59
584,Vanilluxe,Ice,71,95,85,79
585,Deerling,Normal,60,60,50,75
586,Sawsbuck,Normal,80,100,70,95
587,Emolga,Electric,55,75,60,103
588,Karrablast,Bug,50,75,45,60
589,Escavalier,Bug,70,135,105,20
590,Foongus,Grass,69,55,45,15
591,Amoonguss,Grass,114,85,70,30
592,Frillish,Water,55,40,50,40
593,Jellicent,Water,100,60,70,60
594,Alomomola,Water,165,75,80,65
595,Joltik,Bug,50,47,50,65
596,Galvantula,Bug,70,77,60,108
597,Ferroseed,Grass,44,50,91,10
598,Ferrothorn,Grass,74,94,131,20
599,Klink,Steel,40,55,70,30
600,Klang,Steel,60,80,95,50
601,Klinklang,Steel,60,100,115,90
602,Tynamo,Electric,35,55,40,60
603,Eelektrik,Electric,65,85,70,40
604,Eelektross,Electric,85,115,80,50
605,Elgyem,Psychic,55,55,55,30
606,Beheeyem,Psychic,75,75,75,40
607,Litwick,Ghost,50,30,55,20
608,Lampent,Ghost,60,40,60,55
609,Chandelure,Ghost,60,55,90,80
610,Axew,Dragon,46,87,60,57
611,Fraxure,Dragon,66,117,70,67
612,Haxorus,Dragon,76,147,90,97
613,Cubchoo,Ice,55,70,40,40
614,Beartic,Ice,95,130,80,50
615,Cryogonal,Ice,80,50,50,105
616,Shelmet,Bug,50,40,85,25
617,Accelgor,Bug,80,70,40,145
618,Stunfisk,Ground,109,66,84,32
619,Mienfoo,Fighting,45,85,50,65
620,Mienshao,Fighting,65,125,60,105
621,Druddigon,Dragon,77,120,90,48
622,Golett,Ground,59,74,50,35
623,Golurk,Ground,89,124,80,55
624,Pawniard,Dark,45,85,70,60
625,Bisharp,Dark,65,125,100,70
626,Bouffalant,Normal,95,110,95,55
627,Rufflet,Normal,70,83,50,60
628,Braviary,Normal,100,123,75,80
629,Vullaby,Dark,70,55,75,60
630,Mandibuzz,Dark,110,65,105,80
631,Heatmor,Fire,85,97,66,65
632,Durant,Bug,58,109,112,109
633,Deino,Dark,52,65,50,38
634,Zweilous,Dark,72,85,70,58
635,Hydreigon,Dark,92,105,90,98
636,Larvesta,Bug,55,85,55,60
637,Volcarona,Bug,85,60,65,100
638,Cobalion,Steel,91,90,129,108
639,Terrakion,Rock,91,129,90,108
640,Virizion,Grass,91,90,72,108
641,Tornadus,Flying,79,115,70,111
642,Thundurus,Electric,79,115,70,111
643,Reshiram,Dragon,100,120,100,90
644,Zekrom,Dragon,100,150,120,90
645,Landorus,Ground,89,125,90,101
646,Kyurem,Dragon,125,130,90,95
647,Keldeo,Water,91,72,90,108
648,Meloetta,Normal,100,77,77,90
649,Genesect,Bug,71,120,95,99
650,Chespin,Grass,56,61,65,38
651,Quilladin,Grass,61,78,95,57
652,Chesnaught,Grass,88,107,122,64
653,Fennekin,Fire,40,45,40,60
654,Braixen,Fire,59,59,58,73
655,Delphox,Fire,75,69,72,104
656,Froakie,Water,41,56,40,71
657,Frogadier,Water,54,63,52,97
658,Greninja,Water,72,95,67,122
659,Bunnelby,Normal,38,36,38,57
660,Diggersby,Normal,85,56,77,78
661,Fletchling,Normal,45,50,43,62
662,Fletchinder,Fire,62,73,55,84
663,Talonflame,Fire,78,81,71,126
664,Scatterbug,Bug,38,35,40,35
665,Spewpa,Bug,45,22,60,29
666,Vivillon,Bug,80,52,50,89
667,Litleo,Fire,62,50,58,72
668,Pyroar,Fire,86,68,72,106
669,Flabébé,Fairy,44,38,39,42
670,Floette,Fairy,54,45,47,52
671,Florges,Fairy,78,65,68,75
672,Skiddo,Grass,66,65,48,52
673,Gogoat,Grass,123,100,62,68
674,Pancham,Fighting,67,82,62,43
675,Pangoro,Fighting,95,124,78,58
676,Furfrou,Normal,75,80,60,102
677,Espurr,Psychic,62,48,54,68
678,Meowstic,Psychic,74,48,76,104
679,Honedge,Steel,45,80,100,28
680,Doublade,Steel,59,110,150,35
681,Aegislash,Steel,60,50,140,60
682,Spritzee,Fairy,78,52,60,23
683,Aromatisse,Fairy,101,72,72,29
684,Swirlix,Fairy,62,48,66,49
685,Slurpuff,Fairy,82,80,86,72
686,Inkay,Dark,53,54,53,45
687,Malamar,Dark,86,92,88,73
688,Binacle,Rock,42,52,67,50
689,Barbaracle,Rock,72,105,115,68
690,Skrelp,Poison,50,60,60,30
691,Dragalge,Poison,65,75,90,44
692,Clauncher,Water,50,53,62,44
693,Clawitzer,Water,71,73,88,59
694,Helioptile,Electric,44,38,33,70
695,Heliolisk,Electric,62,55,52,109
696,Tyrunt,Rock,58,89,77,48
697,Tyrantrum,Rock,82,121,119,71
698,Amaura,Rock,77,59,50,46
699,Aurorus,Rock,123,77,72,58
700,Sylveon,Fairy,95,65,65,60
701,Hawlucha,Fighting,78,92,75,118
702,Dedenne,Electric,67,58,57,101
703,Carbink,Rock,50,50,150,50
704,Goomy,Dragon,45,50,35,40
705,Sliggoo,Dragon,68,75,53,60
706,Goodra,Dragon,90,100,70,80
707,Klefki,Steel,57,80,91,75
708,Phantump,Ghost,43,70,48,38
709,Trevenant,Ghost,85,110,76,56
710,Pumpkaboo,Ghost,49,66,70,51
711,Gourgeist,Ghost,65,90,122,84
712,Bergmite,Ice,55,69,85,28
713,Avalugg,Ice,95,117,184,28
714,Noibat,Flying,40,30,35,55
715,Noivern,Flying,85,70,80,123
716,Xerneas,Fairy,126,131,95,99
717,Yveltal,Dark,126,131,95,99
718,Zygarde,Dragon,108,100,121,95
719,Diancie,Rock,50,100,150,50
720,Hoopa,Psychic,80,110,60,70
721,Volcanion,Fire,80,110,120,70
722,Rowlet,Grass,68,55,55,42
723,Dartrix,Grass,78,75,75,52
724,Decidueye,Grass,78,107,75,70
725,Litten,Fire,45,65,40,70
726,Torracat,Fire,65,85,50,90
727,Incineroar,Fire,95,115,90,60
728,Popplio,Water,50,54,54,40
729,Brionne,Water,60,69,69,50
730,Primarina,Water,80,74,74,60
731,Pikipek,Normal,35,75,30,65
732,Trumbeak,Normal,55,85,50,75
733,Toucannon,Normal,80,120,75,60
734,Yungoos,Normal,48,70,30,45
735,Gumshoos,Normal,88,110,60,45
736,Grubbin,Bug,47,62,45,46
737,Charjabug,Bug,57,82,95,36
738,Vikavolt,Bug,77,70,90,43
739,Crabrawler,Fighting,47,82,57,63
740,Crabominable,Fighting,97,132,77,43
741,Oricorio,Fire,75,70,70,93
742,Cutiefly,Bug,40,45,40,84
743,Ribombee,Bug,60,55,60,124
744,Rockruff,Rock,45,65,40,60
745,Lycanroc,Rock,75,115,65,112
746,Wishiwashi,Water,45,20,20,40
747,Mareanie,Poison,50,53,62,45
748,Toxapex,Poison,50,63,152,35
749,Mudbray,Ground,70,100,70,45
750,Mudsdale,Ground,100,125,100,35
751,Dewpider,Water,38,40,52,27
752,Araquanid,Water,68,70,92,42
753,Fomantis,Grass,40,55,35,35
754,Lurantis,Grass,70,105,90,45
755,Morelull,Grass,40,35,55,15
756,Shiinotic,Grass,60,45,80,30
757,Salandit,Poison,48,44,40,77
758,Salazzle,Poison,68,64,60,117
759,Stufful,Normal,70,75,50,50
760,Bewear,Normal,120,125,80,60
761,Bounsweet,Grass,42,30,38,32
762,Steenee,Grass,52,40,48,62
763,Tsareena,Grass,72,120,98,72
764,Comfey,Fairy,51,52,90,100
765,Oranguru,Normal,90,60,80,60
766,Passimian,Fighting,100,120,90,80
767,Wimpod,Bug,25,35,40,80
768,Golisopod,Bug,75,125,140,40
769,Sandygast,Ghost,55,55,80,15
770,Palossand,Ghost,85,75,110,35
771,Pyukumuku,Water,55,60,130,5
772,Type: Null,Normal,95,95,95,59
773,Silvally,Normal,95,95,95,95
774,Minior,Rock,60,60,100,60
775,Komala,Normal,65,115,65,65
776,Turtonator,Fire,60,78,135,36
777,Togedemaru,Electric,65,98,63,96
778,Mimikyu,Ghost,55,90,80,96
779,Bruxish,Water,68,105,70,92
780,Drampa,Normal,78,60,85,36
781,Dhelmise,Ghost,70,131,100,40
782,Jangmo-o,Dragon,45,55,65,45
783,Hakamo-o,Dragon,55,75,90,65
784,Kommo-o,Dragon,75,110,125,85
785,Tapu Koko,Electric,70,115,85,130
786,Tapu Lele,Psychic,70,85,75,95
787,Tapu Bulu,Grass,70,130,115,75
788,Tapu Fini,Water,70,75,115,85
789,Cosmog,Psychic,43,29,31,37
790,Cosmoem,Psychic,43,29,131,37
791,Solgaleo,Psychic,137,137,107,97
792,Lunala,Psychic,137,113,89,97
793,Nihilego,Rock,109,53,47,103
794,Buzzwole,Bug,107,139,139,79
795,Pheromosa,Bug,71,137,37,151
796,Xurkitree,Electric,83,89,71,83
797,Celesteela,Steel,97,101,103,61
798,Kartana,Grass,59,181,131,109
799,Guzzlord,Dark,223,101,53,43
800,Necrozma,Psychic,97,107,101,79
801,Magearna,Steel,80,95,115,65
802,Marshadow,Fighting,90,125,80,125
803,Poipole,Poison,67,73,67,73
804,Naganadel,Poison,73,73,73,121
805,Stakataka,Rock,61,131,211,13
806,Blacephalon,Fire,53,127,53,107
807,Zeraora,Electric,88,112,75,143
808,Meltan,Steel,46,65,65,34
809,Melmetal,Steel,135,143,143,34
810,Grookey,Grass,50,65,50,65
811,Thwackey,Grass,70,85,70,80
812,Rillaboom,Grass,100,125,90,85
813,Scorbunny,Fire,50,71,40,69
814,Raboot,Fire,65,86,60,94
815,Cinderace,Fire,80,116,75,119
816,Sobble,Water,50,40,40,70
817,Drizzile,Water,65,60,55,90
818,Inteleon,Water,70,85,65,120
819,Skwovet,Normal,70,55,55,25
820,Greedent,Normal,120,95,95,20
821,Rookidee,Flying,38,47,35,57
822,Corvisquire,Flying,68,67,55,77
823,Corviknight,Flying,98,87,105,67
824,Blipbug,Bug,25,20,20,45
825,Dottler,Bug,50,35,80,30
826,Orbeetle,Bug,60,45,110,90
827,Nickit,Dark,40,28,28,50
828,Thievul,Dark,70,58,58,90
829,Gossifleur,Grass,40,40,60,10
830,Eldegoss,Grass,60,50,90,60
831,Wooloo,Normal,42,40,55,48
832,Dubwool,Normal,72,80,100,88
833,Chewtle,Water,50,64,50,44
834,Drednaw,Water,90,115,90,74
835,Yamper,Electric,59,45,50,26
836,Boltund,Electric,69,90,60,121
837,Rolycoly,Rock,30,40,50,30
838,Carkol,Rock,80,60,90,50
839,Coalossal,Rock,110,80,120,30
840,Applin,Grass,40,40,80,20
841,Flapple,Grass,70,110,80,70
842,Appletun,Grass,110,85,80,30
843,Silicobra,Ground,52,57,75,46
844,Sandaconda,Ground,72,107,125,71
845,Cramorant,Flying,70,85,55,85
846,Arrokuda,Water,41,63,40,66
847,Barraskewda,Water,61,123,60,136
848,Toxel,Electric,40,38,35,40
849,Toxtricity,Electric,75,98,70,75
850,Sizzlipede,Fire,50,65,45,45
851,Centiskorch,Fire,100,115,65,65
852,Clobbopus,Fighting,50,68,60,32
853,Grapploct,Fighting,80,118,90,42
854,Sinistea,Ghost,40,45,45,50
855,Polteageist,Ghost,60,65,65,70
856,Hatenna,Psychic,42,30,45,39
857,Hattrem,Psychic,57,40,65,49
858,Hatterene,Psychic,57,90,95,29
859,Impidimp,Dark,45,45,30,50
860,Morgrem,Dark,65,60,45,70
861,Grimmsnarl,Dark,95,120,65,60
862,Obstagoon,Dark,93,90,101,95
863,Perrserker,Steel,70,110,100,50
864,Cursola,Ghost,60,95,50,30
865,Sirfetch'd,Fighting,62,135,95,65
866,Mr. Rime,Ice,80,85,75,70
867,Runerigus,Ground,58,95,145,30
868,Milcery,Fairy,45,40,40,34
869,Alcremie,Fairy,65,60,75,64
870,Falinks,Fighting,65,100,100,75
871,Pincurchin,Electric,48,101,95,15
872,Snom,Ice,30,25,35,20
873,Frosmoth,Ice,70,65,60,65
874,Stonjourner,Rock,100,125,135,70
875,Eiscue,Ice,75,80,110,50
876,Indeedee,Psychic,60,65,55,95
877,Morpeko,Electric,58,95,58,97
878,Cufant,Steel,72,80,49,40
879,Copperajah,Steel,122,130,69,30
880,Dracozolt,Electric,90,100,90,75
881,Arctozolt,Electric,90,100,90,55
882,Dracovish,Water,90,90,100,75
883,Arctovish,Water,90,90,100,55
884,Duraludon,Steel,70,95,115,85
885,Dreepy,Dragon,28,60,30,82
886,Drakloak,Dragon,68,80,50,102
887,Dragapult,Dragon,88,120,75,142
888,Zacian,Fairy,92,120,115,138
889,Zamazenta,Fighting,92,120,115,138
890,Eternatus,Poison,140,85,95,130
891,Kubfu,Fighting,60,90,60,72
892,Urshifu,Fighting,100,130,100,97
893,Zarude,Dark,105,120,105,105
894,Regieleki,Electric,80,100,50,200
895,Regidrago,Dragon,200,100,50,80
896,Glastrier,Ice,100,145,130,30
897,Spectrier,Ghost,100,65,60,130
898,Calyrex,Psychic,100,80,80,80
899,Wyrdeer,Normal,103,105,72,65
900,Kleavor,Bug,70,135,95,85
901,Ursaluna,Ground,130,140,105,50
902,Basculegion,Water,120,112,65,78
903,Sneasler,Fighting,80,130,60,120
904,Overqwil,Dark,85,115,95,85
905,Enamorus,Fairy,74,115,70,106
906,Sprigatito,Grass,40,61,54,65
907,Floragato,Grass,61,80,63,83
908,Meowscarada,Grass,76,110,70,123
909,Fuecoco,Fire,67,45,59,36
910,Crocalor,Fire,81,55,78,49
911,Skeledirge,Fire,104,75,100,66
912,Quaxly,Water,55,65,45,50
913,Quaxwell,Water,70,85,65,65
914,Quaquaval,Water,85,120,80,85
915,Lechonk,Normal,54,45,40,35
916,Oinkologne,Normal,110,100,75,65
917,Tarountula,Bug,35,41,45,20
918,Spidops,Bug,60,79,92,35
919,Nymble,Bug,33,46,40,45
920,Lokix,Bug,71,102,78,92
921,Pawmi,Electric,45,50,20,60
922,Pawmo,Electric,60,75,40,85
923,Pawmot,Electric,70,115,70,105
924,Tandemaus,Normal,50,50,45,75
925,Maushold,Normal,74,75,70,111
926,Fidough,Fairy,37,55,70,65
927,Dachsbun,Fairy,57,80,115,95
928,Smoliv,Grass,41,35,45,30
929,Dolliv,Grass,52,53,60,33
930,Arboliva,Grass,78,69,90,39
931,Squawkabilly,Normal,82,96,51,92
932,Nacli,Rock,55,55,75,25
933,Naclstack,Rock,60,60,100,35
934,Garganacl,Rock,100,100,130,35
935,Charcadet,Fire,40,50,40,35
936,Armarouge,Fire,85,60,100,75
937,Ceruledge,Fire,75,125,80,85
938,Tadbulb,Electric,61,31,41,45
939,Bellibolt,Electric,109,64,91,45
940,Wattrel,Electric,40,40,35,70
941,Kilowattrel,Electric,70,70,60,125
942,Maschiff,Dark,60,78,60,51
943,Mabosstiff,Dark,80,120,90,85
944,Shroodle,Poison,40,65,35,75
945,Grafaiai,Poison,63,95,65,110
946,Bramblin,Grass,40,65,30,60
947,Brambleghast,Grass,55,115,70,90
948,Toedscool,Ground,40,40,35,70
949,Toedscruel,Ground,80,70,65,100
950,Klawf,Rock,70,100,115,75
951,Capsakid,Grass,50,62,40,50
952,Scovillain,Grass,65,108,65,75
953,Rellor,Bug,41,50,60,30
954,Rabsca,Bug,75,50,85,45
955,Flittle,Psychic,30,35,30,75
956,Espathra,Psychic,95,60,60,105
957,Tinkatink,Fairy,50,45,45,58
958,Tinkatuff,Fairy,65,55,55,78
959,Tinkaton,Fairy,85,75,77,94
960,Wiglett,Water,10,55,25,95
961,Wugtrio,Water,35,100,50,120
962,Bombirdier,Flying,70,103,85,82
963,Finizen,Water,70,45,40,75
964,Palafin,Water,100,70,72,100
965,Varoom,Steel,45,70,63,47
966,Revavroom,Steel,80,119,90,90
967,Cyclizar,Dragon,70,95,65,121
968,Orthworm,Steel,70,85,145,65
969,Glimmet,Rock,48,35,42,60
970,Glimmora,Rock,83,55,90,86
971,Greavard,Ghost,50,61,60,34
972,Houndstone,Ghost,72,101,100,68
973,Flamigo,Flying,82,115,74,90
974,Cetoddle,Ice,108,68,45,43
975,Cetitan,Ice,170,113,65,73
976,Veluza,Water,90,102,73,70
977,Dondozo,Water,150,100,115,35
978,Tatsugiri,Dragon,68,50,60,82
979,Annihilape,Fighting,110,115,80,90
980,Clodsire,Poison,130,75,60,20
981,Farigiraf,Normal,120,90,70,60
982,Dudunsparce,Normal,125,100,80,55
983,Kingambit,Dark,100,135,120,50
984,Great Tusk,Ground,115,131,131,87
985,Scream Tail,Fairy,115,65,99,111
986,Brute Bonnet,Grass,111,127,99,55
987,Flutter Mane,Ghost,55,55,55,135
988,Slither Wing,Bug,85,135,79,81
989,Sandy Shocks,Electric,85,81,97,101
990,Iron Treads,Ground,90,112,120,106
991,Iron Bundle,Ice,56,80,114,136
992,Iron Hands,Fighting,154,140,108,50
993,Iron Jugulis,Dark,94,80,86,108
994,Iron Moth,Fire,80,70,60,110
995,Iron Thorns,Rock,100,134,110,72
996,Frigibax,Dragon,65,75,45,55
997,Arctibax,Dragon,90,95,66,62
998,Baxcalibur,Dragon,115,145,92,87
999,Gimmighoul,Ghost,45,30,70,10
1000,Gholdengo,Steel,87,60,95,84
1001,Wo-Chien,Dark,85,85,100,70
1002,Chien-Pao,Dark,80,120,80,135
1003,Ting-Lu,Dark,155,110,125,45
1004,Chi-Yu,Dark,55,80,80,100
1005,Roaring Moon,Dragon,105,139,71,119
1006,Iron Valiant,Fairy,74,130,90,116
1007,Koraidon,Fighting,100,135,115,135
1008,Miraidon,Electric,100,85,100,135
1009,Walking Wake,Water,99,83,91,109
1010,Iron Leaves,Grass,90,130,88,104
1011,Dipplin,Grass,80,80,110,40
1012,Poltchageist,Grass,40,45,45,50
1013,Sinistcha,Grass,71,60,106,70
1014,Okidogi,Poison,88,128,115,80
1015,Munkidori,Poison,88,75,66,106
1016,Fezandipiti,Poison,88,91,82,99
1017,Ogerpon,Grass,80,120,84,110
1018,Archaludon,Steel,90,105,130,85
1019,Hydrapple,Grass,106,80,110,44
1020,Gouging Fire,Fire,105,115,121,91
1021,Raging Bolt,Electric,125,73,91,75
1022,Iron Boulder,Rock,90,120,80,124
1023,Iron Crown,Steel,90,72,100,98
1024,Terapagos,Normal,90,65,85,60
1025,Pecharunt,Poison,88,88,160,88